move,win,draw,lose,centipawns,moves_to_force_mate,best_line_1_move,best_line_1_centipawns,best_line_1_moves_to_force_mate,best_line_2_move,best_line_2_centipawns,best_line_2_moves_to_force_mate,best_line_3_move,best_line_3_centipawns,best_line_3_moves_to_force_mate,game_id,move_number
d2d4,0.019,0.896,0.085,36.0,,e2e4,44.0,,d2d4,33.0,,g1f3,24.0,,28981,0
d7d5,0.101,0.883,0.016,45.0,,d7d5,45.0,,g8f6,45.0,,e7e6,46.0,,28981,1
g1f3,0.021,0.902,0.077,31.0,,c2c4,47.0,,g1f3,38.0,,e2e3,17.0,,28981,2
e7e6,0.087,0.895,0.018,37.0,,g8f6,37.0,,e7e6,37.0,,c7c6,49.0,,28981,3
c2c4,0.018,0.897,0.085,37.0,,c2c4,47.0,,b2b3,22.0,,e2e3,17.0,,28981,4
g8f6,0.098,0.887,0.015,44.0,,b8d7,42.0,,d5c4,45.0,,g8f6,46.0,,28981,5
b1c3,0.014,0.888,0.098,44.0,,b1c3,32.0,,g2g3,24.0,,c4d5,14.0,,28981,6
f8e7,0.078,0.904,0.018,33.0,,d5c4,42.0,,b8d7,44.0,,f8e7,49.0,,28981,7
c1f4,0.014,0.892,0.094,42.0,,c1f4,50.0,,c1g5,33.0,,g2g3,27.0,,28981,8
e8g8,0.097,0.889,0.014,44.0,,e8g8,56.0,,c7c5,56.0,,d5c4,68.0,,28981,9
e2e3,0.014,0.892,0.094,42.0,,e2e3,50.0,,a1c1,38.0,,a2a3,17.0,,28981,10
b7b6,0.086,0.899,0.015,38.0,,b8d7,36.0,,b7b6,50.0,,c7c5,62.0,,28981,11
f3e5,0.038,0.928,0.034,-2.0,,f1e2,44.0,,f1d3,39.0,,c4d5,37.0,,28981,12
c8b7,0.049,0.925,0.026,13.0,,c8b7,10.0,,c7c5,40.0,,e7b4,46.0,,28981,13
d1a4,0.035,0.93,0.035,0.0,,f1e2,16.0,,d1c2,-5.0,,f1d3,-17.0,,28981,14
c7c5,0.063,0.918,0.019,25.0,,d5c4,-12.0,,a7a6,-6.0,,c7c5,12.0,,28981,15
d4c5,0.048,0.927,0.025,-13.0,,d4c5,4.0,,a1d1,-62.0,,f1e2,-84.0,,28981,16
e7c5,0.083,0.903,0.014,37.0,,d5d4,-45.0,,b6c5,37.0,,e7c5,39.0,,28981,17
a1d1,0.029,0.931,0.04,6.0,,c4d5,36.0,,f1e2,16.0,,a1d1,9.0,,28981,18
d8c8,0.123,0.868,0.009,55.0,,d8e8,21.0,,a7a6,25.0,,d8e7,25.0,,28981,19
c4d5,0.013,0.905,0.082,37.0,,c4d5,39.0,,f1e2,19.0,,f1d3,-15.0,,28981,20
e6d5,0.3,0.697,0.003,99.0,,f6d5,23.0,,e6d5,93.0,,b7d5,161.0,,28981,21
f1e2,0.004,0.759,0.237,86.0,,f1e2,103.0,,f1d3,69.0,,a4b3,57.0,,28981,22
a7a6,0.447,0.552,0.001,122.0,,b8c6,80.0,,a7a6,85.0,,c5e7,105.0,,28981,23
e1g1,0.002,0.615,0.383,112.0,,h2h3,98.0,,a4b3,97.0,,e1g1,97.0,,28981,24
b8c6,0.248,0.749,0.003,87.0,,b8c6,81.0,,f8e8,158.0,,c8e6,175.0,,28981,25
e5c6,0.003,0.743,0.254,88.0,,e5c6,87.0,,d1d3,75.0,,a4b3,62.0,,28981,26
b7c6,0.216,0.78,0.004,80.0,,b7c6,76.0,,c8c6,169.0,,b6b5,207.0,,28981,27
a4c2,0.003,0.74,0.257,88.0,,a4b3,80.0,,a4c2,78.0,,e2f3,-661.0,,28981,28
c5b4,0.866,0.134,0.0,196.0,,c8e6,86.0,,f8e8,93.0,,f8d8,124.0,,28981,29
a2a3,0.001,0.424,0.575,137.0,,f4e5,192.0,,d1c1,142.0,,h2h3,129.0,,28981,30
b4c3,0.356,0.642,0.002,104.0,,b4c3,123.0,,b4e7,161.0,,b4c5,199.0,,28981,31
c2c3,0.003,0.732,0.265,88.0,,c2c3,111.0,,b2c3,11.0,,d1c1,-10.0,,28981,32
c6b7,0.972,0.028,0.0,252.0,,c6a4,93.0,,f6e4,173.0,,c8b7,174.0,,28981,33
d1c1,0.0,0.261,0.739,162.0,,c3d4,249.0,,c3e5,224.0,,f4e5,190.0,,28981,34
c8c3,0.883,0.117,0.0,196.0,,c8c3,173.0,,c8e6,272.0,,f8e8,288.0,,28981,35
c1c3,0.0,0.138,0.862,188.0,,c1c3,192.0,,b2c3,56.0,,e2a6,-807.0,,28981,36
a8c8,0.916,0.084,0.0,207.0,,f8c8,181.0,,a8c8,192.0,,d5d4,268.0,,28981,37
f1c1,0.0,0.077,0.923,209.0,,f1c1,184.0,,c3c1,177.0,,c3c7,158.0,,28981,38
c8c3,0.864,0.136,0.0,186.0,,c8c3,241.0,,b6b5,261.0,,d5d4,276.0,,28981,39
c1c3,0.0,0.142,0.858,184.0,,c1c3,243.0,,b2c3,41.0,,c1d1,-730.0,,28981,40
f8c8,0.861,0.139,0.0,184.0,,d5d4,216.0,,f8c8,257.0,,b6b5,371.0,,28981,41
c3c8,0.0,0.138,0.862,183.0,,c3c8,276.0,,c3c7,196.0,,f4e5,165.0,,28981,42
b7c8,0.843,0.157,0.0,177.0,,b7c8,264.0,,f6e8,,1.0,f6e8,,1.0,28981,43
g1f1,0.0,0.118,0.882,188.0,,a3a4,272.0,,f4c7,184.0,,g1f1,181.0,,28981,44
g8f8,0.928,0.072,0.0,206.0,,f6e4,181.0,,g8f8,186.0,,b6b5,197.0,,28981,45
f1e1,0.0,0.159,0.841,175.0,,f4d6,197.0,,f1e1,197.0,,f4c7,183.0,,28981,46
f8e7,0.717,0.283,0.0,150.0,,f8e7,171.0,,f8e8,199.0,,b6b5,204.0,,28981,47
e1d2,0.0,0.396,0.604,133.0,,f2f3,173.0,,f4c7,164.0,,f4e5,159.0,,28981,48
e7e6,0.895,0.105,0.0,189.0,,f6e4,127.0,,e7d7,152.0,,e7e6,180.0,,28981,49
f2f3,0.0,0.18,0.82,168.0,,f4c7,186.0,,d2c2,181.0,,f2f3,175.0,,28981,50
h7h6,0.975,0.025,0.0,237.0,,f6e8,175.0,,e6d7,196.0,,f6g8,202.0,,28981,51
d2c3,0.0,0.309,0.691,144.0,,f4c7,235.0,,f4b8,161.0,,e2d1,139.0,,28981,52
g7g5,0.992,0.008,0.0,275.0,,f6e8,137.0,,e6d7,165.0,,g7g5,252.0,,28981,53
f4g3,0.0,0.096,0.904,189.0,,f4c7,289.0,,f4b8,234.0,,f4g3,199.0,,28981,54
f6h5,1.0,0.0,0.0,379.0,,f6e8,190.0,,e6d7,273.0,,b6b5,277.0,,28981,55
g3f2,0.0,0.076,0.924,197.0,,g3c7,356.0,,g3b8,289.0,,g3f2,190.0,,28981,56
h5f6,0.962,0.038,0.0,220.0,,c8b7,178.0,,e6d6,193.0,,f7f5,207.0,,28981,57
c3d4,0.0,0.062,0.938,203.0,,a3a4,218.0,,b2b3,200.0,,f2g3,185.0,,28981,58
c8b7,0.976,0.024,0.0,234.0,,f6e8,168.0,,c8b7,188.0,,f6g8,223.0,,28981,59
e2d1,0.0,0.267,0.733,148.0,,f2g3,190.0,,a3a4,149.0,,e2d1,145.0,,28981,60
f6d7,0.993,0.007,0.0,271.0,,f6e8,157.0,,f6g8,181.0,,b7c6,213.0,,28981,61
b2b4,0.0,0.063,0.937,200.0,,f2g3,284.0,,b2b4,206.0,,d1b3,144.0,,28981,62
f7f5,0.993,0.007,0.0,270.0,,d7e5,169.0,,d7b8,169.0,,f7f6,192.0,,28981,63
d1b3,0.0,0.032,0.968,222.0,,f2g3,288.0,,d1b3,233.0,,d1a4,137.0,,28981,64
d7f6,0.997,0.003,0.0,297.0,,f5f4,193.0,,b6b5,211.0,,h6h5,250.0,,28981,65
f2g3,0.0,0.006,0.994,274.0,,a3a4,293.0,,f2g3,264.0,,d4d3,171.0,,28981,66
h6h5,1.0,0.0,0.0,484.0,,b6b5,261.0,,f6e8,261.0,,f6d7,313.0,,28981,67
g3e5,0.0,0.001,0.999,318.0,,g3c7,484.0,,a3a4,319.0,,g3e5,317.0,,28981,68
f6d7,0.999,0.001,0.0,350.0,,f6d7,322.0,,h5h4,388.0,,g5g4,461.0,,28981,69
e5h8,0.0,0.3,0.7,140.0,,e5c7,327.0,,e5g3,244.0,,e5g7,170.0,,28981,70
b6b5,0.975,0.025,0.0,228.0,,d7b8,131.0,,b6b5,242.0,,e6d6,260.0,,28981,71
e3e4,0.0,0.109,0.891,179.0,,a3a4,245.0,,e3e4,241.0,,h8g7,155.0,,28981,72
f5e4,0.915,0.085,0.0,187.0,,f5e4,200.0,,d7b6,284.0,,h5h4,555.0,,28981,73
f3e4,0.0,0.068,0.932,195.0,,f3e4,206.0,,b3d1,27.0,,a3a4,1.0,,28981,74
e6d6,1.0,0.0,0.0,477.0,,d7b6,184.0,,e6e7,530.0,,h5h4,530.0,,28981,75
b3d5,0.0,0.001,0.999,330.0,,e4d5,544.0,,e4e5,345.0,,b3d5,313.0,,28981,76
b7d5,0.999,0.001,0.0,342.0,,b7d5,310.0,,b7c8,571.0,,d6c7,648.0,,28981,77
e4d5,0.0,0.003,0.997,300.0,,e4d5,300.0,,h2h4,-461.0,,g2g4,-567.0,,28981,78
d7b6,0.999,0.001,0.0,334.0,,g5g4,338.0,,d7b6,371.0,,d6e7,424.0,,28981,79
h8e5,0.0,0.003,0.997,295.0,,h8e5,375.0,,h8f6,353.0,,d4e4,212.0,,28981,80
d6d7,0.999,0.001,0.0,336.0,,d6d7,357.0,,d6e7,451.0,,d6e7,451.0,,28981,81
d4c5,0.0,0.003,0.997,290.0,,e5g7,362.0,,e5h8,355.0,,e5f6,352.0,,28981,82
b6a4,0.999,0.001,0.0,332.0,,b6a4,346.0,,b6c4,429.0,,b6c8,537.0,,28981,83
c5d4,0.0,0.0,1.0,356.0,,c5d4,337.0,,c5d4,337.0,,c5d4,337.0,,28981,84
a4b6,1.0,0.0,0.0,361.0,,g5g4,344.0,,a4b6,356.0,,a4b2,359.0,,28981,85
d4e4,0.0,0.019,0.981,237.0,,e5g7,380.0,,e5h8,356.0,,e5f6,329.0,,28981,86
b6c4,1.0,0.0,0.0,353.0,,g5g4,330.0,,b6c4,337.0,,d7e7,535.0,,28981,87
e5f6,0.001,0.546,0.453,107.0,,e4f5,362.0,,e5c3,220.0,,h2h3,136.0,,28981,88
c4a3,1.0,0.0,0.0,456.0,,g5g4,141.0,,c4d6,421.0,,c4a3,440.0,,28981,89
f6g5,0.0,0.0,1.0,433.0,,f6g5,469.0,,e4f5,204.0,,h2h3,184.0,,28981,90
a3c2,1.0,0.0,0.0,479.0,,d7e8,455.0,,a3c4,465.0,,a3c2,479.0,,28981,91
g5d2,0.0,0.0,1.0,476.0,,g5d2,446.0,,h2h4,384.0,,h2h3,165.0,,28981,92
d7d6,1.0,0.0,0.0,574.0,,c2a3,451.0,,d7e8,482.0,,h5h4,538.0,,28981,93
h2h3,0.0,0.0,1.0,507.0,,h2h4,571.0,,h2h3,492.0,,g2g3,482.0,,28981,94
c2a3,1.0,0.0,0.0,537.0,,h5h4,494.0,,c2a3,569.0,,d6e7,664.0,,28981,95
g2g4,0.0,0.0,1.0,672.0,,d2f4,687.0,,g2g4,669.0,,d2e3,507.0,,28981,96
a3c4,1.0,0.0,0.0,757.0,,h5g4,690.0,,h5h4,753.0,,a3c4,757.0,,28981,97
d2f4,0.0,0.0,1.0,769.0,,d2f4,761.0,,d2e1,532.0,,d2c3,532.0,,28981,98
d6d7,1.0,0.0,0.0,843.0,,d6e7,768.0,,d6d7,846.0,,c4e5,2125.0,,28981,99
g4h5,0.0,0.0,1.0,844.0,,g4h5,867.0,,g4g5,753.0,,h3h4,574.0,,28981,100
a6a5,1.0,0.0,0.0,1107.0,,d7e7,847.0,,d7e8,849.0,,c4a5,1537.0,,28981,101
b4a5,0.0,0.0,1.0,1447.0,,h5h6,1715.0,,b4a5,953.0,,e4d3,638.0,,28981,102
b5b4,1.0,0.0,0.0,1549.0,,d7e7,1169.0,,d7e8,1484.0,,b5b4,1723.0,,28981,103
h5h6,0.0,0.0,1.0,1552.0,,h5h6,1776.0,,e4d3,992.0,,a5a6,906.0,,28981,104
b4b3,1.0,0.0,0.0,1566.0,,b4b3,969.0,,c4d2,6201.0,,c4d6,6230.0,,28981,105
f4c1,0.0,0.0,1.0,1574.0,,e4d3,2176.0,,f4c1,992.0,,e4f3,31.0,,28981,106
c4d6,1.0,0.0,0.0,1575.0,,d7c8,1395.0,,c4d6,1442.0,,d7c7,1444.0,,28981,107
e4d4,0.0,0.0,1.0,1053.0,,e4d3,1461.0,,e4d4,1061.0,,e4f4,974.0,,28981,108
d6b5,1.0,0.0,0.0,1514.0,,d6f7,1207.0,,d7c7,1444.0,,d6f5,1643.0,,28981,109
d4c4,0.0,0.0,1.0,1514.0,,d4c5,1660.0,,d4c4,1640.0,,d4d3,1453.0,,28981,110
b5d6,1.0,0.0,0.0,2870.0,,b3b2,1682.0,,b5d6,2261.0,,b5c7,6298.0,,28981,111
c4b3,0.0,0.0,1.0,5093.0,,c4b4,1715.0,,c4b3,1660.0,,c4d3,1438.0,,28981,112
d6f7,1.0,0.0,0.0,5622.0,,d6f7,1651.0,,d7d8,1651.0,,d7c8,5994.0,,28981,113
h6h7,0.0,0.0,1.0,5640.0,,c1e3,5755.0,,h6h7,4866.0,,c1f4,1625.0,,28981,114
d7d6,1.0,0.0,0.0,6187.0,,d7c7,5755.0,,d7c8,5994.0,,f7h8,6025.0,,28981,115
a5a6,0.0,0.0,1.0,932.0,,a5a6,6570.0,,b3c4,1515.0,,b3b4,1096.0,,28981,116
d6d5,1.0,0.0,0.0,6580.0,,d6c7,6575.0,,f7e5,,19.0,d6c5,,13.0,28981,117
a6a7,0.0,0.0,1.0,,10.0,a6a7,,10.0,b3b4,6056.0,,b3a4,1300.0,,28981,118
d5c6,1.0,0.0,0.0,,8.0,d5e4,,9.0,d5e6,,9.0,d5d6,,9.0,28981,119
a7a8q,0.0,0.0,1.0,,7.0,a7a8q,,8.0,h7h8q,7460.0,,h7h8n,6223.0,,28981,120
c6b5,1.0,0.0,0.0,,2.0,c6d6,,7.0,c6c7,,6.0,c6d7,,6.0,28981,121
a8b7,0.0,0.0,1.0,,4.0,c1e3,,2.0,a8b7,,6.0,a8a4,,7.0,28981,122
b5c5,1.0,0.0,0.0,,4.0,b5c5,,5.0,b5a5,,1.0,b5a5,,1.0,28981,123
b7f7,0.0,0.0,1.0,,3.0,b7f7,,4.0,c1e3,,5.0,b7a7,,5.0,28981,124
c5d4,1.0,0.0,0.0,,3.0,c5d6,,3.0,c5c6,,3.0,c5d4,,3.0,28981,125
h7h8q,0.0,0.0,1.0,,2.0,h7h8q,,3.0,f7e6,,3.0,f7c4,,4.0,28981,126
d4d3,1.0,0.0,0.0,,1.0,d4c5,,2.0,d4e4,,2.0,d4d3,,1.0,28981,127
h8h7,0.0,0.0,1.0,,2.0,f7c4,,1.0,f7f3,,1.0,h8d8,,2.0,28981,128
d2d4,0.019,0.896,0.085,36.0,,e2e4,44.0,,d2d4,33.0,,g1f3,24.0,,28988,0
d7d5,0.101,0.883,0.016,45.0,,d7d5,45.0,,g8f6,45.0,,e7e6,46.0,,28988,1
e2e3,0.032,0.918,0.05,10.0,,c2c4,47.0,,g1f3,38.0,,e2e3,17.0,,28988,2
e7e6,0.063,0.912,0.025,22.0,,g8f6,9.0,,e7e6,20.0,,c7c5,26.0,,28988,3
c2c4,0.034,0.921,0.045,6.0,,b2b3,18.0,,g1f3,18.0,,f1d3,18.0,,28988,4
g8f6,0.059,0.916,0.025,19.0,,f8e7,7.0,,g8f6,10.0,,a7a6,30.0,,28988,5
g1f3,0.036,0.923,0.041,2.0,,g1f3,16.0,,b1c3,10.0,,f1e2,7.0,,28988,6
f8e7,0.039,0.924,0.037,0.0,,f8e7,10.0,,b7b6,12.0,,a7a6,16.0,,28988,7
b1c3,0.031,0.923,0.046,9.0,,b1d2,5.0,,b2b3,5.0,,f1e2,2.0,,28988,8
b8d7,0.076,0.906,0.018,32.0,,e8g8,2.0,,a7a6,28.0,,b8d7,35.0,,28988,9
a2a3,0.035,0.926,0.039,2.0,,b2b3,31.0,,f1d3,23.0,,a2a4,13.0,,28988,10
c7c5,0.074,0.908,0.018,31.0,,e8g8,-17.0,,c7c6,23.0,,c7c5,29.0,,28988,11
d4c5,0.051,0.924,0.025,-15.0,,c4d5,22.0,,d4c5,10.0,,b2b3,-6.0,,28988,12
d7c5,0.037,0.929,0.034,1.0,,d5c4,8.0,,d7c5,9.0,,f6e4,18.0,,28988,13
c4d5,0.036,0.929,0.035,0.0,,b2b4,15.0,,c4d5,-4.0,,d1c2,-29.0,,28988,14
f6d5,0.038,0.929,0.033,2.0,,f6d5,-7.0,,e8g8,12.0,,e6d5,25.0,,28988,15
c3d5,0.029,0.93,0.041,7.0,,c3d5,7.0,,f1b5,4.0,,c1d2,-44.0,,28988,16
d8d5,0.053,0.925,0.022,18.0,,d8d5,0.0,,e6d5,44.0,,b7b5,734.0,,28988,17
d1d5,0.03,0.931,0.039,5.0,,d1d5,5.0,,f1b5,-53.0,,c1d2,-71.0,,28988,18
e6d5,0.05,0.927,0.023,16.0,,e6d5,0.0,,e8g8,1111.0,,c8d7,1122.0,,28988,19
f1b5,0.076,0.91,0.014,-34.0,,c1d2,0.0,,b2b4,-1.0,,f3d4,-23.0,,28988,20
c8d7,0.014,0.911,0.075,-33.0,,c8d7,-50.0,,e8f8,53.0,,c5d7,56.0,,28988,21
b5d7,0.079,0.908,0.013,-36.0,,b5d7,-40.0,,a3a4,-96.0,,f3d4,-96.0,,28988,22
c5d7,0.279,0.718,0.003,94.0,,e8d7,-32.0,,c5d7,75.0,,e8f8,841.0,,28988,23
b2b4,0.05,0.93,0.02,-17.0,,e1e2,83.0,,c1d2,58.0,,a1b1,33.0,,28988,24
e8g8,0.053,0.928,0.019,20.0,,e7f6,-26.0,,f7f6,5.0,,e8g8,12.0,,28988,25
c1b2,0.026,0.935,0.039,8.0,,e1e2,13.0,,c1d2,11.0,,c1b2,10.0,,28988,26
e7f6,0.097,0.893,0.01,45.0,,f8c8,-1.0,,a7a5,3.0,,d7b6,12.0,,28988,27
b2f6,0.007,0.859,0.134,58.0,,b2f6,70.0,,b2d4,41.0,,a1b1,16.0,,28988,28
d7f6,0.095,0.896,0.009,44.0,,d7f6,51.0,,g7f6,185.0,,a7a5,753.0,,28988,29
e1g1,0.012,0.915,0.073,33.0,,f3d4,52.0,,e1e2,38.0,,e1g1,30.0,,28988,30
f6e4,0.079,0.91,0.011,37.0,,a7a6,13.0,,g7g6,17.0,,f8c8,20.0,,28988,31
f1d1,0.014,0.924,0.062,27.0,,f1c1,36.0,,f3d4,32.0,,f1d1,26.0,,28988,32
f8d8,0.054,0.93,0.016,22.0,,e4c3,16.0,,a7a5,18.0,,f8d8,30.0,,28988,33
f3d4,0.018,0.935,0.047,17.0,,f3d4,30.0,,g1f1,30.0,,a1c1,26.0,,28988,34
e4c3,0.049,0.934,0.017,19.0,,a8c8,17.0,,g7g6,34.0,,g8f8,39.0,,28988,35
d1d3,0.008,0.889,0.103,47.0,,d1d3,38.0,,d1c1,33.0,,d1d2,25.0,,28988,36
a8c8,0.093,0.899,0.008,43.0,,a8c8,38.0,,c3a4,65.0,,d8c8,68.0,,28988,37
h2h3,0.011,0.916,0.073,34.0,,h2h4,50.0,,g2g4,49.0,,f2f3,47.0,,28988,38
g7g6,0.08,0.91,0.01,37.0,,g7g6,31.0,,c8c4,35.0,,g8f8,35.0,,28988,39
g1h2,0.018,0.939,0.043,14.0,,a1e1,29.0,,g2g4,27.0,,f2f3,27.0,,28988,40
a7a6,0.08,0.911,0.009,37.0,,g8f8,23.0,,h7h5,30.0,,c8c4,34.0,,28988,41
d4f3,0.02,0.941,0.039,12.0,,g2g4,31.0,,d4b3,26.0,,f2f3,13.0,,28988,42
f7f6,0.417,0.582,0.001,109.0,,c3e4,-1.0,,c8c7,0.0,,g8f8,25.0,,28988,43
f3d4,0.019,0.942,0.039,12.0,,a1c1,62.0,,f3d2,26.0,,f3d4,14.0,,28988,44
g8f7,0.044,0.939,0.017,16.0,,g8f7,11.0,,d8e8,29.0,,c3a4,45.0,,28988,45
h2g1,0.027,0.946,0.027,0.0,,f2f3,14.0,,h3h4,0.0,,d4b3,0.0,,28988,46
c8c4,0.027,0.947,0.026,0.0,,c8c4,0.0,,h7h5,0.0,,c8c7,7.0,,28988,47
g1h2,0.027,0.946,0.027,0.0,,g2g4,0.0,,d4b3,0.0,,f2f3,-1.0,,28988,48
f6f5,0.068,0.922,0.01,32.0,,d8c8,0.0,,h7h5,0.0,,c3a4,0.0,,28988,49
d4f3,0.033,0.946,0.021,-7.0,,g2g4,23.0,,d4f3,6.0,,f2f3,0.0,,28988,50
f7f6,0.048,0.938,0.014,20.0,,f7f6,0.0,,f7e7,9.0,,d8e8,11.0,,28988,51
f3d2,0.019,0.946,0.035,10.0,,f3d2,0.0,,a1c1,0.0,,f3d4,-32.0,,28988,52
c4c6,0.036,0.945,0.019,10.0,,c4c7,0.0,,c4c6,4.0,,c4c8,15.0,,28988,53
d2b3,0.026,0.948,0.026,0.0,,d2b3,6.0,,a1c1,0.0,,d2f3,0.0,,28988,54
c3e4,0.042,0.942,0.016,16.0,,b7b6,2.0,,c6c7,4.0,,c3a4,10.0,,28988,55
h2g1,0.025,0.949,0.026,0.0,,f2f3,59.0,,a1f1,22.0,,b3d4,13.0,,28988,56
c6c3,0.025,0.949,0.026,0.0,,c6c2,-13.0,,b7b6,-2.0,,c6c7,0.0,,28988,57
d3c3,0.023,0.948,0.029,3.0,,d3c3,0.0,,a1d1,-24.0,,b3c5,-80.0,,28988,58
e4c3,0.052,0.936,0.012,23.0,,e4c3,6.0,,d5d4,846.0,,d8d7,867.0,,28988,59
b3c5,0.022,0.949,0.029,4.0,,g1f1,23.0,,g1h2,0.0,,b3c5,-11.0,,28988,60
d5d4,0.875,0.125,0.0,177.0,,b7b6,0.0,,b7b5,35.0,,d8c8,85.0,,28988,61
e3d4,0.008,0.913,0.079,37.0,,c5b7,211.0,,e3d4,34.0,,b4b5,-249.0,,28988,62
d8d4,0.707,0.293,0.0,143.0,,b7b6,30.0,,b7b5,116.0,,d8d4,125.0,,28988,63
c5b7,0.001,0.536,0.463,110.0,,c5b7,133.0,,a1e1,97.0,,g1f1,34.0,,28988,64
d4d2,0.931,0.069,0.0,197.0,,d4d5,120.0,,f6e5,157.0,,h7h5,174.0,,28988,65
b7c5,0.0,0.045,0.955,210.0,,b7c5,222.0,,a1e1,96.0,,h3h4,74.0,,28988,66
a6a5,1.0,0.0,0.0,387.0,,d2d6,196.0,,d2b2,344.0,,f6e5,369.0,,28988,67
b4a5,0.0,0.0,1.0,402.0,,b4a5,428.0,,c5b3,341.0,,g2g3,69.0,,28988,68
c3e2,1.0,0.0,0.0,538.0,,d2d5,344.0,,d2c2,478.0,,d2b2,496.0,,28988,69
g1h1,0.0,0.0,1.0,421.0,,g1f1,578.0,,g1h2,456.0,,g1h1,397.0,,28988,70
e2d4,1.0,0.0,0.0,663.0,,d2d5,419.0,,d2c2,439.0,,d2b2,616.0,,28988,71
a5a6,0.0,0.0,1.0,600.0,,a5a6,642.0,,c5d7,494.0,,h1h2,447.0,,28988,72
d4b5,1.0,0.0,0.0,806.0,,d4c6,572.0,,d4b5,783.0,,d4e6,803.0,,28988,73
h1g1,0.0,0.0,1.0,509.0,,a1b1,776.0,,a3a4,584.0,,h1h2,576.0,,28988,74
d2d5,1.0,0.0,0.0,540.0,,d2c2,506.0,,b5a7,529.0,,d2d5,545.0,,28988,75
a3a4,0.0,0.0,1.0,520.0,,a1c1,559.0,,a3a4,537.0,,c5b7,461.0,,28988,76
b5a7,1.0,0.0,0.0,538.0,,b5a7,523.0,,b5c7,745.0,,b5c3,821.0,,28988,77
a1c1,0.0,0.0,1.0,524.0,,c5b3,514.0,,a1c1,495.0,,c5b7,485.0,,28988,78
f6e7,1.0,0.0,0.0,579.0,,f6e5,530.0,,f6e7,567.0,,g6g5,576.0,,28988,79
g2g3,0.0,0.0,1.0,509.0,,c5b3,573.0,,c1c3,563.0,,g1h2,559.0,,28988,80
e7d6,1.0,0.0,0.0,507.0,,e7d6,512.0,,a7c6,565.0,,e7d8,576.0,,28988,81
c5b7,0.0,0.0,1.0,518.0,,c5b7,557.0,,c5b3,542.0,,g1g2,-9.0,,28988,82
d6d7,1.0,0.0,0.0,518.0,,d6d7,545.0,,d6e7,592.0,,d6e5,672.0,,28988,83
b7c5,0.0,0.0,1.0,555.0,,b7c5,553.0,,h3h4,525.0,,c1c4,491.0,,28988,84
d7c6,1.0,0.0,0.0,614.0,,d7d6,496.0,,d7c6,527.0,,d7e7,538.0,,28988,85
c5e6,0.0,0.0,1.0,592.0,,c5e6,569.0,,c5d3,500.0,,c5e4,464.0,,28988,86
c6b6,1.0,0.0,0.0,590.0,,c6d7,538.0,,c6d6,578.0,,c6b6,639.0,,28988,87
e6f8,0.0,0.0,1.0,466.0,,c1b1,652.0,,c1e1,556.0,,e6f8,496.0,,28988,88
b6a6,1.0,0.0,0.0,540.0,,f5f4,432.0,,b6a6,502.0,,a7c6,502.0,,28988,89
f8h7,0.0,0.0,1.0,433.0,,f8h7,550.0,,c1c7,510.0,,g1g2,469.0,,28988,90
a6a5,1.0,0.0,0.0,705.0,,d5d6,545.0,,a6b6,563.0,,d5d4,565.0,,28988,91
h7f8,0.0,0.0,1.0,447.0,,c1c7,660.0,,h7g5,526.0,,h3h4,482.0,,28988,92
d5d6,1.0,0.0,0.0,450.0,,d5d6,460.0,,f5f4,640.0,,g6g5,658.0,,28988,93
c1c7,0.0,0.0,1.0,414.0,,c1e1,516.0,,c1c7,515.0,,c1c4,467.0,,28988,94
a5b6,1.0,0.0,0.0,723.0,,a7c6,460.0,,d6a6,709.0,,a5b6,739.0,,28988,95
c7g7,0.0,0.0,1.0,721.0,,c7g7,730.0,,c7d7,661.0,,c7e7,609.0,,28988,96
a7c6,1.0,0.0,0.0,743.0,,d6d4,729.0,,f5f4,753.0,,d6d1,753.0,,28988,97
g7g6,0.0,0.0,1.0,736.0,,f8g6,753.0,,g7g6,734.0,,a4a5,635.0,,28988,98
d6g6,1.0,0.0,0.0,754.0,,d6d4,730.0,,d6d8,753.0,,d6d1,753.0,,28988,99
f8g6,0.0,0.0,1.0,746.0,,f8g6,765.0,,a4a5,624.0,,g3g4,-376.0,,28988,100
b6a5,1.0,0.0,0.0,753.0,,b6a5,754.0,,c6d8,754.0,,c6d4,769.0,,28988,101
g6f4,0.0,0.0,1.0,624.0,,h3h4,761.0,,g1g2,747.0,,g1f1,692.0,,28988,102
a5a4,1.0,0.0,0.0,663.0,,a5a4,662.0,,c6e5,693.0,,c6d8,700.0,,28988,103
h3h4,0.0,0.0,1.0,619.0,,f4g6,658.0,,g1g2,633.0,,f4e2,623.0,,28988,104
c6e5,1.0,0.0,0.0,677.0,,a4b4,649.0,,a4b3,662.0,,a4b5,666.0,,28988,105
h4h5,0.0,0.0,1.0,664.0,,f4d5,699.0,,g1g2,698.0,,f4e6,680.0,,28988,106
a4b5,1.0,0.0,0.0,698.0,,a4b4,673.0,,a4b5,674.0,,e5f7,677.0,,28988,107
f4g6,0.0,0.0,1.0,631.0,,f4d5,699.0,,f4g2,693.0,,f4e6,689.0,,28988,108
e5g4,1.0,0.0,0.0,627.0,,e5g4,662.0,,e5d7,678.0,,e5f7,678.0,,28988,109
f2f3,0.0,0.0,1.0,661.0,,g1g2,697.0,,g6h4,687.0,,f2f3,594.0,,28988,110
g4h6,1.0,0.0,0.0,641.0,,g4f6,644.0,,g4h6,650.0,,g4e3,1010.0,,28988,111
g1g2,0.0,0.0,1.0,654.0,,g1f2,670.0,,g1h2,648.0,,g1g2,638.0,,28988,112
b5c6,1.0,0.0,0.0,677.0,,b5c6,705.0,,b5c4,720.0,,b5c5,720.0,,28988,113
g2h3,0.0,0.0,1.0,682.0,,g2h3,730.0,,g2f2,674.0,,g6e5,672.0,,28988,114
c6d6,1.0,0.0,0.0,703.0,,c6d6,720.0,,c6d7,737.0,,c6d5,743.0,,28988,115
g3g4,0.0,0.0,1.0,530.0,,h3h4,742.0,,f3f4,730.0,,g6h8,565.0,,28988,116
d6e6,1.0,0.0,0.0,851.0,,f5g4,575.0,,h6f7,671.0,,f5f4,870.0,,28988,117
g4g5,0.0,0.0,1.0,873.0,,g4g5,911.0,,g6f4,686.0,,h3g3,561.0,,28988,118
h6f7,1.0,0.0,0.0,910.0,,h6f7,887.0,,h6g4,6040.0,,h6g8,6059.0,,28988,119
f3f4,0.0,0.0,1.0,1339.0,,h3h4,1261.0,,g6f4,915.0,,f3f4,885.0,,28988,120
e6d5,1.0,0.0,0.0,1288.0,,e6d5,1217.0,,e6d7,1225.0,,e6d6,1225.0,,28988,121
h5h6,0.0,0.0,1.0,1594.0,,h3h4,1227.0,,h5h6,1220.0,,h3g3,1012.0,,28988,122
d5e4,1.0,0.0,0.0,1596.0,,f7d8,1012.0,,d5d4,1361.0,,d5d6,1415.0,,28988,123
h3g3,0.0,0.0,1.0,1559.0,,h6h7,1379.0,,h3h4,1338.0,,h3g3,1183.0,,28988,124
e2e4,0.02,0.9,0.08,33.0,,e2e4,44.0,,d2d4,33.0,,g1f3,24.0,,29029,0
c7c5,0.069,0.907,0.024,25.0,,c7c5,32.0,,e7e5,43.0,,e7e6,52.0,,29029,1
g1f3,0.021,0.904,0.075,30.0,,g1f3,43.0,,b1c3,38.0,,c2c3,29.0,,29029,2
b8c6,0.098,0.887,0.015,44.0,,d7d6,52.0,,b8c6,53.0,,e7e6,58.0,,29029,3
c2c3,0.021,0.907,0.072,28.0,,f1b5,67.0,,b1c3,37.0,,d2d4,35.0,,29029,4
g7g6,0.183,0.81,0.007,76.0,,d7d5,22.0,,g8f6,29.0,,e7e6,41.0,,29029,5
d2d4,0.008,0.821,0.171,73.0,,d2d4,67.0,,f1c4,49.0,,f1b5,19.0,,29029,6
c5d4,0.387,0.611,0.002,122.0,,d7d5,57.0,,f8g7,148.0,,d7d6,152.0,,29029,7
c3d4,0.002,0.562,0.436,130.0,,c3d4,150.0,,f1c4,28.0,,h2h4,26.0,,29029,8
d7d5,0.918,0.082,0.0,245.0,,f8g7,137.0,,d7d6,182.0,,a7a6,235.0,,29029,9
e4e5,0.014,0.89,0.096,43.0,,e4d5,287.0,,f1b5,100.0,,e4e5,39.0,,29029,10
d8b6,0.325,0.672,0.003,108.0,,c8g4,48.0,,a7a6,74.0,,c8f5,105.0,,29029,11
b2b3,0.259,0.737,0.004,-94.0,,b1c3,156.0,,h2h3,100.0,,f1d3,65.0,,29029,12
c8g4,0.003,0.699,0.298,-101.0,,c8g4,-117.0,,g8h6,-25.0,,c8f5,-21.0,,29029,13
f1e2,0.843,0.157,0.0,-206.0,,c1b2,-87.0,,c1e3,-113.0,,b1d2,-168.0,,29029,14
g4f3,0.0,0.121,0.879,-217.0,,g4f3,-222.0,,e7e6,-130.0,,g8h6,-77.0,,29029,15
e2f3,0.849,0.151,0.0,-205.0,,e2f3,-258.0,,g2f3,-372.0,,e1g1,-783.0,,29029,16
b6d4,0.0,0.213,0.787,-187.0,,b6b4,-233.0,,b6d4,-196.0,,e7e6,-173.0,,29029,17
d1d4,0.925,0.075,0.0,-235.0,,d1d4,-266.0,,e1g1,-638.0,,b1a3,-707.0,,29029,18
c6d4,0.0,0.12,0.88,-212.0,,c6d4,-242.0,,f8g7,1007.0,,e7e6,1061.0,,29029,19
f3d1,0.992,0.008,0.0,-325.0,,f3d5,-270.0,,f3d1,-357.0,,b1a3,-376.0,,29029,20
f8g7,0.0,0.016,0.984,-292.0,,f8g7,-306.0,,a8c8,-298.0,,e7e6,-265.0,,29029,21
c1e3,1.0,0.0,0.0,-746.0,,f2f4,-305.0,,b1c3,-511.0,,c1b2,-528.0,,29029,22
g7e5,0.0,0.0,1.0,-726.0,,g7e5,-715.0,,d4c2,-692.0,,d4c6,-581.0,,29029,23
b1d2,1.0,0.0,0.0,-674.0,,b1a3,-703.0,,b1d2,-725.0,,a2a4,-746.0,,29029,24
d4c2,0.0,0.0,1.0,-677.0,,d4c2,-699.0,,d4f5,-665.0,,a8c8,-649.0,,29029,25
d1c2,1.0,0.0,0.0,-708.0,,d1c2,-655.0,,e1e2,-876.0,,e1f1,-890.0,,29029,26
e5a1,0.0,0.0,1.0,-700.0,,e5a1,-702.0,,f7f6,-38.0,,a8c8,430.0,,29029,27
e1g1,1.0,0.0,0.0,-700.0,,e1g1,-682.0,,b3b4,-692.0,,e1e2,-727.0,,29029,28
a1g7,0.0,0.0,1.0,-715.0,,a1f6,-692.0,,a8c8,-686.0,,a1c3,-672.0,,29029,29
d2f3,1.0,0.0,0.0,-807.0,,b3b4,-730.0,,c2d3,-735.0,,f1c1,-759.0,,29029,30
a8c8,0.0,0.0,1.0,-768.0,,a8c8,-838.0,,g8f6,-792.0,,a7a6,-746.0,,29029,31
c2d3,1.0,0.0,0.0,-756.0,,c2d1,-800.0,,c2b1,-807.0,,c2d3,-807.0,,29029,32
a7a6,0.0,0.0,1.0,-776.0,,a7a6,-784.0,,g8f6,-730.0,,e7e6,-712.0,,29029,33
f1e1,1.0,0.0,0.0,-791.0,,f3g5,-769.0,,b3b4,-776.0,,f1e1,-793.0,,29029,34
g8f6,0.0,0.0,1.0,-796.0,,g8f6,-775.0,,e7e6,-769.0,,g8h6,-761.0,,29029,35
h2h3,1.0,0.0,0.0,-794.0,,b3b4,-761.0,,e3d4,-776.0,,f3g5,-809.0,,29029,36
e8g8,0.0,0.0,1.0,-789.0,,e7e6,-800.0,,e8g8,-792.0,,f6d7,-776.0,,29029,37
e3d4,1.0,0.0,0.0,-813.0,,b3b4,-776.0,,e3g5,-812.0,,f3e5,-821.0,,29029,38
f8e8,0.0,0.0,1.0,-784.0,,e7e6,-844.0,,f8e8,-825.0,,f6e4,-799.0,,29029,39
f3e5,1.0,0.0,0.0,-857.0,,d4f6,-768.0,,d3f1,-795.0,,b3b4,-796.0,,29029,40
e7e6,0.0,0.0,1.0,-799.0,,f6d7,-822.0,,f6e4,-814.0,,f6h5,-799.0,,29029,41
a2a4,1.0,0.0,0.0,-800.0,,g2g3,-798.0,,e5g6,-807.0,,g2g4,-814.0,,29029,42
e8e7,0.0,0.0,1.0,-815.0,,f6d7,-854.0,,f6e4,-844.0,,f6h5,-800.0,,29029,43
e5f3,1.0,0.0,0.0,-850.0,,b3b4,-823.0,,e5f7,-833.0,,e5g6,-838.0,,29029,44
e7c7,0.0,0.0,1.0,-784.0,,f6h5,-831.0,,f6e8,-830.0,,f6d7,-782.0,,29029,45
g2g3,1.0,0.0,0.0,-844.0,,b3b4,-791.0,,d4f6,-798.0,,d3f1,-815.0,,29029,46
c7c1,0.0,0.0,1.0,-841.0,,f6d7,-842.0,,f6e8,-831.0,,f6h5,-822.0,,29029,47
g1g2,1.0,0.0,0.0,-869.0,,d4f6,-841.0,,b3b4,-845.0,,e1c1,-851.0,,29029,48
c1e1,0.0,0.0,1.0,-859.0,,c1e1,-873.0,,f6e8,-859.0,,f6d7,-834.0,,29029,49
f3e1,1.0,0.0,0.0,-845.0,,f3e1,-844.0,,d4f6,-976.0,,d3a6,-983.0,,29029,50
c8c1,0.0,0.0,1.0,-814.0,,f6e8,-867.0,,f6e4,-838.0,,c8c1,-838.0,,29029,51
e1c2,1.0,0.0,0.0,-862.0,,d4f6,-853.0,,e1c2,-861.0,,e1f3,-869.0,,29029,52
c1d1,0.0,0.0,1.0,-817.0,,f6d7,-867.0,,f6e4,-853.0,,f6e8,-845.0,,29029,53
d3f1,1.0,0.0,0.0,-853.0,,c2b4,-867.0,,d3f1,-871.0,,d4f6,-874.0,,29029,54
d1d2,0.0,0.0,1.0,-837.0,,d1d2,-890.0,,f6e4,-888.0,,f6d7,-857.0,,29029,55
d4f6,1.0,0.0,0.0,-887.0,,d4f6,-907.0,,c2e1,-930.0,,c2b4,-938.0,,29029,56
g7f6,0.0,0.0,1.0,-846.0,,g7f6,-907.0,,d2c2,-886.0,,h7h6,-669.0,,29029,57
c2e3,1.0,0.0,0.0,-897.0,,c2e1,-844.0,,c2b4,-848.0,,c2e3,-880.0,,29029,58
f6d4,0.0,0.0,1.0,-874.0,,f6d4,-875.0,,g8h8,-823.0,,f6c3,-823.0,,29029,59
b3b4,1.0,0.0,0.0,-966.0,,e3d5,-850.0,,g2g1,-892.0,,e3g4,-907.0,,29029,60
d4e3,0.0,0.0,1.0,-976.0,,d4e3,-971.0,,h7h5,-868.0,,g8h8,-860.0,,29029,61
g2f3,1.0,0.0,0.0,-1120.0,,g2h2,-1007.0,,g2h1,-1023.0,,g2g1,-1043.0,,29029,62
e3f2,0.0,0.0,1.0,-1002.0,,d2f2,-1123.0,,e3f2,-979.0,,e6e5,-907.0,,29029,63
d2d4,0.019,0.896,0.085,36.0,,e2e4,44.0,,d2d4,33.0,,g1f3,24.0,,29075,0
g8f6,0.094,0.889,0.017,41.0,,d7d5,45.0,,g8f6,45.0,,e7e6,46.0,,29075,1
c2c4,0.014,0.875,0.111,50.0,,c2c4,44.0,,g1f3,30.0,,e2e3,12.0,,29075,2
g7g6,0.087,0.895,0.018,38.0,,e7e6,48.0,,c7c6,51.0,,g7g6,69.0,,29075,3
b1c3,0.014,0.881,0.105,47.0,,b1c3,42.0,,g1f3,42.0,,e2e3,35.0,,29075,4
d7d5,0.113,0.874,0.013,51.0,,d7d5,50.0,,d7d6,71.0,,f8g7,76.0,,29075,5
g1f3,0.014,0.888,0.098,44.0,,g1f3,42.0,,c4d5,42.0,,c1f4,18.0,,29075,6
f8g7,0.095,0.89,0.015,42.0,,f8g7,43.0,,c7c6,65.0,,e7e6,100.0,,29075,7
c1g5,0.052,0.921,0.027,-14.0,,h2h4,51.0,,c4d5,39.0,,c1f4,27.0,,29075,8
c7c6,0.22,0.775,0.005,86.0,,f6e4,34.0,,d5c4,70.0,,c7c5,80.0,,29075,9
e2e3,0.007,0.814,0.179,74.0,,c4d5,79.0,,e2e3,66.0,,g5f6,44.0,,29075,10
c8f5,0.628,0.371,0.001,161.0,,e8g8,59.0,,f6e4,68.0,,b8d7,68.0,,29075,11
f1e2,0.004,0.743,0.253,92.0,,g5f6,158.0,,d1b3,140.0,,c4d5,87.0,,29075,12
e8g8,0.259,0.737,0.004,93.0,,b8d7,83.0,,d5c4,93.0,,f6e4,105.0,,29075,13
e1g1,0.004,0.74,0.256,92.0,,d1b3,112.0,,c4d5,99.0,,e1g1,94.0,,29075,14
h7h6,0.902,0.098,0.0,227.0,,b8d7,88.0,,f6e4,98.0,,d5c4,99.0,,29075,15
g5h4,0.003,0.712,0.285,98.0,,g5f6,201.0,,g5h4,101.0,,g5f4,100.0,,29075,16
d5c4,0.457,0.541,0.002,127.0,,e7e6,100.0,,d5c4,102.0,,b8d7,107.0,,29075,17
e2c4,0.002,0.662,0.336,106.0,,e2c4,101.0,,h4f6,63.0,,f3e5,19.0,,29075,18
b8d7,0.333,0.665,0.002,105.0,,b8d7,103.0,,b7b5,111.0,,g6g5,113.0,,29075,19
h2h3,0.003,0.736,0.261,91.0,,h2h3,114.0,,a1c1,108.0,,c4b3,87.0,,29075,20
g6g5,0.285,0.712,0.003,96.0,,b7b5,112.0,,g6g5,114.0,,d7b6,114.0,,29075,21
h4g3,0.002,0.68,0.318,101.0,,h4g3,108.0,,g2g4,69.0,,e3e4,-116.0,,29075,22
d7b6,0.493,0.506,0.001,129.0,,a8c8,100.0,,e7e6,100.0,,f6e4,122.0,,29075,23
c4d3,0.001,0.461,0.538,136.0,,c4d3,122.0,,c4e2,117.0,,c4b3,105.0,,29075,24
f5d3,0.435,0.564,0.001,119.0,,f5d3,104.0,,d8d7,145.0,,e7e6,196.0,,29075,25
d1d3,0.001,0.561,0.438,119.0,,d1d3,139.0,,h3h4,-707.0,,f1e1,-707.0,,29075,26
e7e6,0.493,0.506,0.001,127.0,,e7e6,120.0,,c6c5,148.0,,d8d7,150.0,,29075,27
h3h4,0.003,0.715,0.282,93.0,,a1c1,134.0,,d3e2,133.0,,a1d1,131.0,,29075,28
g5g4,0.149,0.845,0.006,62.0,,g5g4,74.0,,f6h5,135.0,,f6h7,161.0,,29075,29
f3e5,0.005,0.834,0.161,66.0,,f3e5,50.0,,f3e1,36.0,,f3d2,4.0,,29075,30
h6h5,0.813,0.187,0.0,179.0,,f6h5,57.0,,c6c5,100.0,,h6h5,161.0,,29075,31
f2f3,0.001,0.359,0.64,146.0,,f2f4,217.0,,a2a4,180.0,,d3e2,142.0,,29075,32
b6d5,0.9,0.1,0.0,204.0,,d8e7,147.0,,c6c5,152.0,,b6d7,189.0,,29075,33
f3g4,0.001,0.545,0.454,118.0,,c3e4,225.0,,e3e4,202.0,,c3d5,163.0,,29075,34
f6g4,0.454,0.545,0.001,117.0,,f6g4,124.0,,h5g4,145.0,,d5c3,217.0,,29075,35
e3e4,0.781,0.219,0.0,-168.0,,e5g4,129.0,,c3d5,62.0,,f1f3,-47.0,,29075,36
d5e3,0.0,0.26,0.74,-160.0,,d5b4,-211.0,,d5e3,-182.0,,g7e5,-116.0,,29075,37
f1f3,1.0,0.0,0.0,-457.0,,e5g4,-55.0,,e5f3,-232.0,,f1e1,-279.0,,29075,38
g7e5,0.0,0.0,1.0,-433.0,,g4e5,-427.0,,g7e5,-372.0,,c6c5,-135.0,,29075,39
g3e5,1.0,0.0,0.0,-436.0,,c3e2,-429.0,,g3e5,-492.0,,c3d5,-728.0,,29075,40
g4e5,0.0,0.0,1.0,-493.0,,g4e5,-509.0,,c6c5,111.0,,f7f6,441.0,,29075,41
d3e3,1.0,0.0,0.0,-517.0,,d3e3,-467.0,,f3g3,-515.0,,f3e3,-746.0,,29075,42
e5f3,0.0,0.0,1.0,-563.0,,e5f3,-571.0,,e5g4,0.0,,e5g6,308.0,,29075,43
g2f3,1.0,0.0,0.0,-645.0,,g2f3,-526.0,,e3f3,-555.0,,g1f1,-838.0,,29075,44
d8h4,0.0,0.0,1.0,-381.0,,g8h7,-600.0,,g8g7,-362.0,,d8h4,-350.0,,29075,45
a1f1,1.0,0.0,0.0,-860.0,,e3h6,-260.0,,g1f1,-661.0,,e4e5,-669.0,,29075,46
g8h7,0.0,0.0,1.0,-812.0,,g8h7,-863.0,,h4g3,-810.0,,f7f6,-683.0,,29075,47
f1f2,1.0,0.0,0.0,-828.0,,f1e1,-761.0,,f1f2,-820.0,,f1d1,-820.0,,29075,48
f8g8,0.0,0.0,1.0,-676.0,,h4h3,-848.0,,c6c5,-736.0,,f8g8,-700.0,,29075,49
g1f1,1.0,0.0,0.0,-715.0,,g1f1,-738.0,,f2g2,-867.0,,e3g5,-1930.0,,29075,50
h4h1,0.0,0.0,1.0,-532.0,,a8d8,-723.0,,g8g6,-690.0,,e6e5,-668.0,,29075,51
f1e2,1.0,0.0,0.0,-569.0,,f1e2,-528.0,,f1e2,-528.0,,f1e2,-528.0,,29075,52
g8g2,0.0,0.0,1.0,-538.0,,g8g6,-559.0,,g8g2,-538.0,,h1h4,-514.0,,29075,53
e3f4,1.0,0.0,0.0,-639.0,,e3f4,-521.0,,c3d1,-676.0,,d4d5,-746.0,,29075,54
g2f2,0.0,0.0,1.0,-530.0,,g2f2,-563.0,,a8g8,-524.0,,h7g8,-481.0,,29075,55
e2f2,1.0,0.0,0.0,-580.0,,e2f2,-555.0,,e2e3,-1223.0,,e2d3,-1315.0,,29075,56
a8g8,0.0,0.0,1.0,-600.0,,a8g8,-570.0,,a8f8,-390.0,,f7f6,-146.0,,29075,57
f4f7,1.0,0.0,0.0,-598.0,,f4f7,-573.0,,c3e2,-756.0,,f4f6,-811.0,,29075,58
g8g7,0.0,0.0,1.0,-583.0,,g8g7,-600.0,,h7h8,-401.0,,h7h6,781.0,,29075,59
f7e6,1.0,0.0,0.0,-594.0,,f7e6,-631.0,,f7f6,-702.0,,f7e8,-702.0,,29075,60
h1g1,0.0,0.0,1.0,-601.0,,g7g2,-633.0,,h1g1,-633.0,,h1g2,-178.0,,29075,61
f2e2,1.0,0.0,0.0,-626.0,,f2e2,-637.0,,f2e2,-637.0,,f2e2,-637.0,,29075,62
g7g2,0.0,0.0,1.0,-624.0,,g7g2,-647.0,,h5h4,-559.0,,g1g6,-510.0,,29075,63
e2d3,1.0,0.0,0.0,-617.0,,e2d3,-648.0,,e2d3,-648.0,,e2d3,-648.0,,29075,64
g1f1,0.0,0.0,1.0,-633.0,,g1f1,-648.0,,g2g7,-120.0,,g2g8,-74.0,,29075,65
d3e3,1.0,0.0,0.0,-598.0,,d3e3,-656.0,,c3e2,,-4.0,c3e2,,-4.0,29075,66
f1f2,0.0,0.0,1.0,-628.0,,f1e1,-669.0,,f1c1,-669.0,,f1f2,-661.0,,29075,67
e3d3,1.0,0.0,0.0,-647.0,,e3d3,-669.0,,e3f4,-669.0,,e3f4,-669.0,,29075,68
f2f3,0.0,0.0,1.0,-676.0,,f2f3,-671.0,,f2f1,-671.0,,f2d2,-275.0,,29075,69
d3c4,1.0,0.0,0.0,-685.0,,d3c4,-671.0,,d3c4,-671.0,,d3c4,-671.0,,29075,70
b7b5,0.0,0.0,1.0,-630.0,,g2b2,-671.0,,g2g6,-586.0,,g2g7,-569.0,,29075,71
c4c5,1.0,0.0,0.0,-723.0,,c4b3,-548.0,,c4c5,-602.0,,c4b4,-783.0,,29075,72
g2g6,0.0,0.0,1.0,-502.0,,g2b2,-624.0,,f3f8,-623.0,,g2g6,-586.0,,29075,73
e6e7,1.0,0.0,0.0,-578.0,,e6e7,-543.0,,e6d7,-668.0,,e6e8,-689.0,,29075,74
h7h6,0.0,0.0,1.0,-555.0,,h7g8,-583.0,,g6g7,-481.0,,h7h6,-473.0,,29075,75
c5b4,1.0,0.0,0.0,-669.0,,c3d1,-506.0,,e7e8,-521.0,,c5b4,-564.0,,29075,76
f3f6,0.0,0.0,1.0,-580.0,,f3f2,-662.0,,f3f6,-569.0,,f3f4,-501.0,,29075,77
e7e8,1.0,0.0,0.0,-835.0,,e7a7,-569.0,,e7f6,-649.0,,e7c5,-684.0,,29075,78
f6d4,0.0,0.0,1.0,-861.0,,f6d4,-830.0,,f6d6,-738.0,,h6g7,-669.0,,29075,79
b4a5,1.0,0.0,0.0,-1023.0,,b4b3,-866.0,,b4a3,-953.0,,b4a5,-1271.0,,29075,80
d4b6,0.0,0.0,1.0,-1323.0,,d4b6,-1380.0,,b5b4,-787.0,,h6h7,-762.0,,29075,81
a5b4,1.0,0.0,0.0,-1268.0,,a5b4,,-19.0,a5b4,,-19.0,a5b4,,-19.0,29075,82
a7a5,0.0,0.0,1.0,,-10.0,a7a5,,-19.0,c6c5,-6279.0,,b6d4,-815.0,,29075,83
b4b3,1.0,0.0,0.0,,-10.0,b4b3,,-18.0,b4a3,,-9.0,b4a3,,-9.0,29075,84
a5a4,0.0,0.0,1.0,,-9.0,a5a4,,-18.0,b6c7,-701.0,,b6d4,-700.0,,29075,85
b3a3,1.0,0.0,0.0,,-2.0,c3a4,,-17.0,b3b4,,-9.0,b3c2,,-7.0,29075,86
b5b4,0.0,0.0,1.0,-622.0,,b6c5,,-2.0,b6d4,-789.0,,b6f2,-741.0,,29075,87
a3a4,1.0,0.0,0.0,-669.0,,a3a4,-679.0,,a3a4,-679.0,,a3a4,-679.0,,29075,88
b4c3,0.0,0.0,1.0,-557.0,,b6d4,-661.0,,b6c5,-618.0,,b6c7,-501.0,,29075,89
e8d8,1.0,0.0,0.0,-2230.0,,e8f8,-623.0,,e8h8,-623.0,,b2c3,-946.0,,29075,90
b6d8,0.0,0.0,1.0,,-5.0,b6d8,-6822.0,,b6b5,-1561.0,,b6a6,-1554.0,,29075,91
b2c3,1.0,0.0,0.0,,-4.0,b2b3,,-4.0,a4b3,,-4.0,b2b4,,-4.0,29075,92
d8b6,0.0,0.0,1.0,,-2.0,d8b6,,-4.0,h5h4,-8006.0,,d8g8,-2284.0,,29075,93
a4a3,1.0,0.0,0.0,,-2.0,a4a3,,-2.0,e4e5,,-2.0,c3c4,,-2.0,29075,94
g6g8,0.0,0.0,1.0,,-1.0,g6g7,,-2.0,g6g8,,-2.0,g6g3,,-3.0,29075,95
c3c4,1.0,0.0,0.0,,-1.0,c3c4,,-1.0,e4e5,,-1.0,a3a4,,-1.0,29075,96
d2d4,0.019,0.896,0.085,36.0,,e2e4,44.0,,d2d4,33.0,,g1f3,24.0,,40487,0
g8f6,0.094,0.889,0.017,41.0,,d7d5,45.0,,g8f6,45.0,,e7e6,46.0,,40487,1
c2c4,0.014,0.875,0.111,50.0,,c2c4,44.0,,g1f3,30.0,,e2e3,12.0,,40487,2
d7d6,0.169,0.823,0.008,73.0,,e7e6,48.0,,c7c6,51.0,,g7g6,69.0,,40487,3
b1c3,0.007,0.801,0.192,79.0,,b1c3,66.0,,g1f3,62.0,,g2g3,48.0,,40487,4
b8c6,0.382,0.615,0.003,122.0,,g7g6,81.0,,e7e5,91.0,,b8d7,101.0,,40487,5
g1f3,0.002,0.589,0.409,126.0,,d4d5,120.0,,g1f3,116.0,,e2e4,100.0,,40487,6
e7e5,0.387,0.611,0.002,122.0,,e7e5,115.0,,g7g6,119.0,,h7h6,129.0,,40487,7
d4e5,0.052,0.921,0.027,-14.0,,d4d5,108.0,,g2g3,103.0,,e2e3,77.0,,40487,8
c6e5,0.19,0.804,0.006,77.0,,d6e5,-17.0,,c6e5,76.0,,f6g4,176.0,,40487,9
f3e5,0.043,0.925,0.032,-6.0,,e2e4,84.0,,c1f4,65.0,,h2h3,51.0,,40487,10
d6e5,0.019,0.912,0.069,-28.0,,d6e5,-12.0,,c7c6,845.0,,c8e6,850.0,,40487,11
d1d8,0.101,0.887,0.012,-46.0,,d1b3,-21.0,,d1d8,-32.0,,d1c2,-33.0,,40487,12
e8d8,0.014,0.896,0.09,-40.0,,e8d8,-28.0,,e8d8,-28.0,,e8d8,-28.0,,40487,13
c1g5,0.346,0.651,0.003,-110.0,,e2e3,-30.0,,b2b3,-34.0,,f2f3,-41.0,,40487,14
c7c6,0.004,0.745,0.251,-91.0,,c7c6,-89.0,,c8e6,-36.0,,f8e7,0.0,,40487,15
e1c1,0.271,0.726,0.003,-95.0,,e1c1,-77.0,,e2e4,-84.0,,f2f3,-85.0,,40487,16
d8c7,0.011,0.888,0.101,-46.0,,d8e8,-57.0,,d8c7,-48.0,,c8d7,-25.0,,40487,17
g2g3,0.735,0.265,0.0,-175.0,,f2f3,-48.0,,e2e4,-75.0,,g5h4,-91.0,,40487,18
f8e7,0.013,0.904,0.083,-37.0,,f6g4,-148.0,,c8e6,-88.0,,f8b4,-66.0,,40487,19
f1g2,0.134,0.858,0.008,-59.0,,h2h4,-34.0,,g5f6,-46.0,,f2f3,-66.0,,40487,20
c8e6,0.008,0.861,0.131,-58.0,,a7a5,-45.0,,c8e6,-41.0,,h7h6,-40.0,,40487,21
b2b3,0.191,0.804,0.005,-75.0,,b2b3,-72.0,,g5f6,-111.0,,d1d3,-215.0,,40487,22
e7a3,0.009,0.879,0.112,-50.0,,a7a5,-73.0,,a7a6,-61.0,,a8d8,-37.0,,40487,23
c1c2,0.101,0.889,0.01,-46.0,,c1c2,-34.0,,c1b1,-51.0,,c1d2,-120.0,,40487,24
f6d7,0.031,0.937,0.032,0.0,,a7a5,-30.0,,a7a6,-29.0,,f6g4,-20.0,,40487,25
e2e4,0.251,0.746,0.003,-87.0,,h2h4,18.0,,h2h3,-6.0,,g5d2,-20.0,,40487,26
f7f6,0.012,0.911,0.077,-35.0,,a3c5,-66.0,,h7h5,-63.0,,b7b6,-62.0,,40487,27
g5e3,0.12,0.873,0.007,-53.0,,g5e3,-40.0,,g5d2,-75.0,,g5c1,-129.0,,40487,28
a8d8,0.019,0.932,0.049,-18.0,,g7g5,-61.0,,a7a6,-54.0,,b7b6,-46.0,,40487,29
f2f4,0.115,0.877,0.008,-51.0,,c3a4,-36.0,,h2h4,-38.0,,g2f3,-53.0,,40487,30
b7b6,0.009,0.89,0.101,-46.0,,b7b6,-68.0,,a7a6,-58.0,,e6g4,-47.0,,40487,31
d1d2,0.212,0.784,0.004,-78.0,,f4f5,-44.0,,d1d3,-60.0,,c3a4,-71.0,,40487,32
d7b8,0.008,0.888,0.104,-48.0,,a3c5,-98.0,,a7a6,-75.0,,a3b4,-51.0,,40487,33
h1d1,0.098,0.894,0.008,-45.0,,d2d8,-30.0,,h1d1,-52.0,,g2f3,-52.0,,40487,34
d8d2,0.005,0.839,0.156,-64.0,,d8d2,-62.0,,b8a6,-44.0,,d8d7,-42.0,,40487,35
d1d2,0.136,0.858,0.006,-58.0,,e3d2,-46.0,,d1d2,-54.0,,c2d2,-73.0,,40487,36
h8d8,0.011,0.919,0.07,-32.0,,b8a6,-41.0,,a3b4,-40.0,,b8d7,-27.0,,40487,37
d2d8,0.042,0.939,0.019,-14.0,,f4f5,-19.0,,d2d8,-22.0,,g2f3,-35.0,,40487,38
c7d8,0.019,0.938,0.043,-14.0,,c7d8,-25.0,,e5f4,783.0,,a3c5,890.0,,40487,39
f4e5,0.063,0.925,0.012,-29.0,,f4e5,-26.0,,c3d1,-28.0,,f4f5,-28.0,,40487,40
f6e5,0.014,0.933,0.053,-23.0,,f6e5,-34.0,,b8d7,125.0,,d8e7,181.0,,40487,41
e3d2,0.104,0.889,0.007,-48.0,,c3d1,-42.0,,g2f3,-44.0,,c3b1,-46.0,,40487,42
d8c7,0.006,0.878,0.116,-51.0,,d8e7,-64.0,,d8d7,-59.0,,a3c5,-47.0,,40487,43
c3b1,0.19,0.807,0.003,-71.0,,c3d1,-50.0,,c3a4,-50.0,,c3e2,-59.0,,40487,44
a3e7,0.018,0.941,0.041,-14.0,,a3c5,-66.0,,a3e7,-27.0,,a3d6,-22.0,,40487,45
b1c3,0.125,0.87,0.005,-54.0,,d2c3,-19.0,,d2c1,-46.0,,h2h3,-55.0,,40487,46
e6f7,0.016,0.939,0.045,-17.0,,e7c5,-58.0,,e7b4,-54.0,,e7a3,-54.0,,40487,47
c3e2,0.127,0.868,0.005,-55.0,,c3a4,-30.0,,c3d1,-32.0,,g2h3,-41.0,,40487,48
h7h6,0.014,0.937,0.049,-21.0,,e7c5,-61.0,,f7h5,-48.0,,b8d7,-22.0,,40487,49
d2c3,0.048,0.938,0.014,-20.0,,e2g1,-16.0,,g2h3,-17.0,,d2c3,-35.0,,40487,50
b8d7,0.026,0.947,0.027,0.0,,c7d6,-32.0,,e7f6,-25.0,,e7d6,-10.0,,40487,51
e2g1,0.055,0.933,0.012,-25.0,,e2c1,0.0,,g2h3,-3.0,,e2g1,-11.0,,40487,52
g7g5,0.037,0.945,0.018,11.0,,f7e6,-18.0,,c7d6,-17.0,,e7f6,-5.0,,40487,53
g2h3,0.12,0.875,0.005,-52.0,,g1f3,12.0,,h2h3,-37.0,,g3g4,-51.0,,40487,54
e7d6,0.245,0.753,0.002,80.0,,f7h5,-53.0,,e7f6,32.0,,h6h5,60.0,,40487,55
g1f3,0.019,0.947,0.034,9.0,,h3f5,66.0,,c2d3,31.0,,g1f3,18.0,,40487,56
f7g6,0.319,0.68,0.001,92.0,,f7h5,12.0,,a7a5,67.0,,b6b5,76.0,,40487,57
h3f5,0.002,0.697,0.301,89.0,,h3f5,99.0,,c2d3,0.0,,f3d2,-2.0,,40487,58
g6f5,0.91,0.09,0.0,189.0,,g6h5,89.0,,g6e8,94.0,,g6f7,106.0,,40487,59
e4f5,0.0,0.418,0.582,126.0,,e4f5,180.0,,f3g5,-738.0,,c2c1,-795.0,,40487,60
e5e4,0.987,0.013,0.0,253.0,,g5g4,127.0,,a7a5,180.0,,a7a6,188.0,,40487,61
f3d4,0.004,0.85,0.146,59.0,,f3d2,266.0,,f3d4,109.0,,f3g1,-22.0,,40487,62
c6c5,1.0,0.0,0.0,731.0,,d6e5,59.0,,d6e7,279.0,,d7c5,353.0,,40487,63
d4e6,0.0,0.0,1.0,546.0,,d4b5,674.0,,d4e6,532.0,,d4e2,9.0,,40487,64
c7c6,1.0,0.0,0.0,661.0,,c7c8,497.0,,c7b7,579.0,,c7c6,636.0,,40487,65
c2d2,0.0,0.03,0.97,224.0,,e6d8,644.0,,f5f6,341.0,,c3g7,304.0,,40487,66
d6e5,0.992,0.008,0.0,264.0,,d6e5,312.0,,d7e5,446.0,,d6e7,447.0,,40487,67
c3e5,0.0,0.002,0.998,312.0,,c3e5,288.0,,e6d8,172.0,,h2h3,-21.0,,40487,68
d7e5,0.997,0.003,0.0,300.0,,d7e5,326.0,,e4e3,370.0,,b6b5,860.0,,40487,69
h2h3,0.0,0.007,0.993,269.0,,d2e3,311.0,,h2h3,299.0,,e6g7,0.0,,40487,70
g5g4,1.0,0.0,0.0,359.0,,c6d6,247.0,,e5f7,253.0,,e5f3,304.0,,40487,71
h3g4,0.062,0.928,0.01,-29.0,,h3h4,406.0,,e6f4,-21.0,,h3g4,-48.0,,40487,72
e5g4,0.01,0.929,0.061,-28.0,,e5g4,-45.0,,c6d6,469.0,,c6d7,522.0,,40487,73
e6g7,0.026,0.949,0.025,0.0,,e6g7,-1.0,,e6f4,-48.0,,e6f8,-50.0,,40487,74
c6d6,0.016,0.943,0.041,-15.0,,c6d7,0.0,,c6d6,0.0,,a7a6,0.0,,40487,75
d2e2,0.936,0.064,0.0,-197.0,,f5f6,0.0,,g7e8,-183.0,,d2e2,-183.0,,40487,76
d6e7,0.0,0.062,0.938,-198.0,,g4f6,-206.0,,d6e7,-175.0,,d6e5,-169.0,,40487,77
g7h5,0.974,0.026,0.0,-225.0,,g7h5,-174.0,,a2a4,-204.0,,a2a3,-235.0,,40487,78
e7f7,0.001,0.629,0.37,-97.0,,e7d6,-189.0,,e7f7,-97.0,,e7d7,-46.0,,40487,79
e2e4,0.02,0.9,0.08,33.0,,e2e4,44.0,,d2d4,33.0,,g1f3,24.0,,40496,0
e7e5,0.088,0.894,0.018,38.0,,c7c5,32.0,,e7e5,43.0,,e7e6,52.0,,40496,1
b2b4,0.764,0.235,0.001,-200.0,,g1f3,41.0,,f1e2,6.0,,b1c3,0.0,,40496,2
b8c6,0.016,0.887,0.097,-43.0,,f8b4,-176.0,,g8f6,-169.0,,d7d5,-162.0,,40496,3
c1b2,0.799,0.201,0.0,-207.0,,b4b5,-47.0,,c2c3,-73.0,,a2a3,-92.0,,40496,4
c6b4,0.007,0.81,0.183,-76.0,,f8b4,-193.0,,c6b4,-89.0,,g8f6,-79.0,,40496,5
b2e5,0.661,0.338,0.001,-173.0,,g1f3,-74.0,,b2e5,-104.0,,b1c3,-131.0,,40496,6
f8c5,0.985,0.015,0.0,328.0,,d7d5,-146.0,,d8e7,-78.0,,b4c6,-19.0,,40496,7
d2d4,0.001,0.481,0.518,144.0,,e5g7,307.0,,c2c3,188.0,,d2d4,127.0,,40496,8
f7f6,0.52,0.479,0.001,144.0,,c5f8,108.0,,f7f6,160.0,,d8e7,320.0,,40496,9
d4c5,0.063,0.916,0.021,-24.0,,e5g3,177.0,,e5f4,119.0,,d4c5,-35.0,,40496,10
f6e5,0.05,0.923,0.027,13.0,,f6e5,21.0,,d8e7,588.0,,b4c2,798.0,,40496,11
d1h5,0.025,0.922,0.053,16.0,,d1h5,2.0,,d1d2,-27.0,,a2a3,-88.0,,40496,12
e8f8,0.05,0.925,0.025,14.0,,e8f8,10.0,,e8e7,318.0,,g7g6,614.0,,40496,13
h5e5,0.992,0.008,0.0,-338.0,,h5f3,11.0,,f1d3,11.0,,h5e2,-74.0,,40496,14
b4c2,0.0,0.008,0.992,-336.0,,b4c2,-351.0,,d8f6,93.0,,b7b6,135.0,,40496,15
e1d1,0.995,0.005,0.0,-351.0,,e1d2,-301.0,,e1d1,-388.0,,e1e2,-531.0,,40496,16
c2a1,0.0,0.004,0.996,-358.0,,c2a1,-396.0,,c2b4,103.0,,d7d6,263.0,,40496,17
e5a1,0.997,0.003,0.0,-372.0,,e5a1,-364.0,,g1f3,-394.0,,b1d2,-459.0,,40496,18
d8f6,0.0,0.008,0.992,-326.0,,d8e7,-405.0,,d8f6,-376.0,,b7b6,-347.0,,40496,19
e4e5,0.995,0.005,0.0,-340.0,,e4e5,-309.0,,a1c3,-376.0,,b1c3,-438.0,,40496,20
f6f2,0.0,0.003,0.997,-366.0,,f6f2,-348.0,,f6f4,-337.0,,f6e7,-266.0,,40496,21
g1f3,0.998,0.002,0.0,-382.0,,b1d2,-355.0,,g1f3,-375.0,,g1h3,-484.0,,40496,22
h7h6,0.001,0.329,0.67,-158.0,,b7b6,-376.0,,f2c5,-368.0,,g8e7,-361.0,,40496,23
b1d2,0.763,0.237,0.0,-175.0,,f1d3,-140.0,,b1d2,-151.0,,a1c3,-213.0,,40496,24
f2c5,0.0,0.268,0.732,-167.0,,b7b6,-217.0,,g8e7,-208.0,,f2c5,-204.0,,40496,25
d2e4,0.989,0.011,0.0,-299.0,,f1d3,-182.0,,h2h3,-286.0,,d2b3,-309.0,,40496,26
c5d5,0.0,0.028,0.972,-261.0,,c5e3,-339.0,,c5d5,-320.0,,c5c6,-260.0,,40496,27
e4d2,0.993,0.007,0.0,-311.0,,e4d2,-346.0,,f3d2,-434.0,,a1d4,-588.0,,40496,28
b7b6,0.0,0.241,0.759,-169.0,,g8e7,-352.0,,d5c5,-204.0,,b7b5,-172.0,,40496,29
f1c4,0.676,0.324,0.0,-153.0,,f1c4,-139.0,,a1b1,-199.0,,f3h4,-245.0,,40496,30
d5c6,0.037,0.939,0.024,8.0,,d5c5,-98.0,,d5a5,0.0,,d5c6,0.0,,40496,31
a1d4,0.089,0.901,0.01,-41.0,,h1f1,2.0,,f3d4,0.0,,a1c3,-5.0,,40496,32
c8b7,0.998,0.002,0.0,350.0,,g8e7,-83.0,,c6a4,283.0,,c8b7,374.0,,40496,33
h1f1,0.0,0.004,0.996,319.0,,d4f4,347.0,,h1f1,281.0,,d4g4,-11.0,,40496,34
f8e8,1.0,0.0,0.0,638.0,,a8e8,316.0,,c6a4,513.0,,d7d5,559.0,,40496,35
f3h4,0.959,0.041,0.0,-234.0,,d4f4,630.0,,d4g4,314.0,,e5e6,-94.0,,40496,36
g8e7,0.0,0.109,0.891,-197.0,,g8e7,-256.0,,h6h5,469.0,,c6c5,534.0,,40496,37
c4f7,1.0,0.0,0.0,-569.0,,f1f7,-181.0,,d4g4,-267.0,,e5e6,-303.0,,40496,38
e8d8,0.0,0.0,1.0,-555.0,,e8d8,-530.0,,e8f8,772.0,,e8f8,772.0,,40496,39
e5e6,1.0,0.0,0.0,-592.0,,e5e6,-498.0,,d4g4,-555.0,,f1e1,-611.0,,40496,40
d7d6,1.0,0.0,0.0,479.0,,d8c8,-492.0,,b7a6,-51.0,,e7d5,79.0,,40496,41
h4g6,0.0,0.0,1.0,469.0,,h4g6,440.0,,d4g7,412.0,,f1f2,0.0,,40496,42
e7g6,1.0,0.0,0.0,730.0,,b7a6,450.0,,c6g2,469.0,,c6c5,575.0,,40496,43
f7g6,0.0,0.0,1.0,642.0,,f7g6,612.0,,d4g7,0.0,,f1e1,-152.0,,40496,44
h8g8,1.0,0.0,0.0,1476.0,,d8c8,678.0,,b7a6,684.0,,c6g2,819.0,,40496,45
e6e7,0.0,0.0,1.0,1661.0,,e6e7,1353.0,,d4g4,757.0,,f1f7,580.0,,40496,46
d8e7,1.0,0.0,0.0,1707.0,,d8c8,2100.0,,d8d7,,13.0,d8e7,,12.0,40496,47
f1e1,0.026,0.947,0.027,0.0,,d4h4,,11.0,h2h3,-10.0,,f1f7,-23.0,,40496,48
e7d8,0.804,0.196,0.0,165.0,,e7d7,-111.0,,e7d8,178.0,,c6e4,1263.0,,40496,49
g6f5,1.0,0.0,0.0,-638.0,,g6f7,159.0,,d4g4,-510.0,,e1e7,-549.0,,40496,50
b7c8,0.0,0.069,0.931,-203.0,,c6d5,-630.0,,c6c5,-606.0,,d6d5,-356.0,,40496,51
d4h4,1.0,0.0,0.0,-677.0,,f5e4,-203.0,,f5h7,-565.0,,f5c2,-647.0,,40496,52
g7g5,0.0,0.0,1.0,-695.0,,g7g5,-723.0,,g7g5,-723.0,,g7g5,-723.0,,40496,53
h4h6,1.0,0.0,0.0,-853.0,,h4h3,-692.0,,h4g4,-739.0,,h4f2,-807.0,,40496,54
c8f5,0.0,0.0,1.0,-869.0,,c8f5,-869.0,,c6c3,-643.0,,c6a4,-606.0,,40496,55
h6f6,1.0,0.0,0.0,-883.0,,h6f6,-864.0,,e1e2,-1156.0,,e1e4,-1157.0,,40496,56
d8c8,0.0,0.0,1.0,-859.0,,d8c8,-879.0,,d8d7,-423.0,,d8d7,-423.0,,40496,57
f6f5,1.0,0.0,0.0,-891.0,,f6f5,-866.0,,f6b2,-1015.0,,e1e3,-1030.0,,40496,58
c8b7,0.0,0.0,1.0,-883.0,,c8b7,-874.0,,c8b8,-818.0,,c8d8,-386.0,,40496,59
f5e4,1.0,0.0,0.0,-892.0,,f5e6,-871.0,,f5c2,-872.0,,e1e6,-890.0,,40496,60
c6e4,0.0,0.0,1.0,-806.0,,d6d5,-900.0,,c6e4,-831.0,,a8f8,-807.0,,40496,61
e1e4,1.0,0.0,0.0,-813.0,,e1e4,-835.0,,d2e4,-838.0,,e1e2,-1307.0,,40496,62
a8e8,0.0,0.0,1.0,-753.0,,g5g4,-838.0,,g8h8,-793.0,,a8f8,-773.0,,40496,63
e4g4,1.0,0.0,0.0,-776.0,,e4g4,-774.0,,e4e8,-795.0,,h2h3,-823.0,,40496,64
e8f8,0.0,0.0,1.0,-750.0,,g8f8,-796.0,,g8h8,-784.0,,d6d5,-745.0,,40496,65
d2f3,1.0,0.0,0.0,-753.0,,d2f3,-738.0,,a2a3,-752.0,,d2e4,-797.0,,40496,66
f8f4,0.0,0.0,1.0,-751.0,,f8f4,-792.0,,a7a5,-792.0,,c7c5,-771.0,,40496,67
g4g5,1.0,0.0,0.0,-788.0,,g4g5,-791.0,,g4f4,-850.0,,h2h3,-863.0,,40496,68
g8g5,0.0,0.0,1.0,-791.0,,g8g5,-800.0,,f4d4,-776.0,,g8h8,-715.0,,40496,69
f3g5,1.0,0.0,0.0,-790.0,,f3g5,-812.0,,f3e1,-5590.0,,a2a4,-5697.0,,40496,70
f4f2,0.0,0.0,1.0,-802.0,,f4g4,-856.0,,f4d4,-830.0,,f4f2,-784.0,,40496,71
g2g3,1.0,0.0,0.0,-820.0,,g2g3,-803.0,,g2g4,-812.0,,g5e4,-830.0,,40496,72
f2a2,0.0,0.0,1.0,-804.0,,f2a2,-804.0,,a7a5,-804.0,,f2h2,-802.0,,40496,73
h2h4,1.0,0.0,0.0,-803.0,,h2h4,-837.0,,h2h3,-848.0,,g5e6,-867.0,,40496,74
a2g2,0.0,0.0,1.0,-791.0,,a2g2,-854.0,,a7a5,-846.0,,a2h2,-838.0,,40496,75
g5e4,1.0,0.0,0.0,-821.0,,g5e4,-911.0,,g5e6,-914.0,,g5f7,-920.0,,40496,76
g2g1,0.0,0.0,1.0,-795.0,,a7a5,-925.0,,d6d5,-849.0,,g2h2,-838.0,,40496,77
d1e2,1.0,0.0,0.0,-815.0,,d1c2,-820.0,,d1d2,-843.0,,d1e2,-855.0,,40496,78
d6d5,0.0,0.0,1.0,-781.0,,a7a5,-863.0,,d6d5,-798.0,,b6b5,-753.0,,40496,79
e4f6,1.0,0.0,0.0,-831.0,,e4f6,-803.0,,e2f2,-829.0,,e4c3,-854.0,,40496,80
g1g3,0.0,0.0,1.0,-811.0,,a7a5,-830.0,,g1g3,-791.0,,g1h1,-728.0,,40496,81
h4h5,1.0,0.0,0.0,-886.0,,h4h5,-828.0,,f6d5,-845.0,,e2d2,-852.0,,40496,82
g3g2,0.0,0.0,1.0,-745.0,,d5d4,-863.0,,g3h3,-863.0,,a7a5,-857.0,,40496,83
e2f3,1.0,0.0,0.0,-796.0,,e2f3,-840.0,,e2d3,-864.0,,e2e3,-865.0,,40496,84
g2d2,0.0,0.0,1.0,-716.0,,g2g1,-859.0,,g2g5,-746.0,,g2h2,-641.0,,40496,85
f3g4,1.0,0.0,0.0,-838.0,,f3g3,-803.0,,f6g4,-827.0,,f3f4,-858.0,,40496,86
c7c5,0.0,0.0,1.0,-724.0,,d5d4,-883.0,,d2g2,-827.0,,a7a5,-791.0,,40496,87
g4g5,1.0,0.0,0.0,-875.0,,h5h6,-755.0,,g4g3,-884.0,,g4f5,-898.0,,40496,88
d5d4,0.0,0.0,1.0,-936.0,,c5c4,-1027.0,,d2g2,-871.0,,d5d4,-823.0,,40496,89
g5g6,1.0,0.0,0.0,-1029.0,,h5h6,-871.0,,f6g4,-915.0,,f6e4,-1034.0,,40496,90
d2h2,0.0,0.0,1.0,-1076.0,,d2g2,-1142.0,,d4d3,-1111.0,,d2h2,-937.0,,40496,91
f6e8,1.0,0.0,0.0,-1164.0,,f6g4,-1161.0,,h5h6,-1454.0,,f6d5,-1454.0,,40496,92
h2h5,0.0,0.0,1.0,-784.0,,d4d3,-1514.0,,b7c6,-1476.0,,h2g2,-1228.0,,40496,93
e8d6,1.0,0.0,0.0,-1111.0,,g6h5,-841.0,,e8d6,-1384.0,,g6g7,-1959.0,,40496,94
b7c6,0.0,0.0,1.0,-1551.0,,b7c6,-1424.0,,b7c7,-847.0,,b7a6,-749.0,,40496,95
g6h5,1.0,0.0,0.0,-6220.0,,d6c4,-1431.0,,d6c8,-1894.0,,d6e4,-2168.0,,40496,96
c6d6,0.0,0.0,1.0,-6329.0,,c6d6,-6261.0,,c6d5,-906.0,,d4d3,-883.0,,40496,97
h5g5,1.0,0.0,0.0,-7436.0,,h5g6,-6333.0,,h5g4,-6346.0,,h5g5,-7437.0,,40496,98
d6d5,0.0,0.0,1.0,-6333.0,,d4d3,-7442.0,,a7a5,-6333.0,,c5c4,-6300.0,,40496,99
g5g4,1.0,0.0,0.0,-6383.0,,g5f4,-6330.0,,g5g4,-6374.0,,g5f6,-7314.0,,40496,100
c5c4,0.0,0.0,1.0,-6171.0,,d5c4,-6393.0,,d4d3,-6391.0,,d5e4,-6391.0,,40496,101
g4g3,1.0,0.0,0.0,-7446.0,,g4f3,-6228.0,,g4g3,-7297.0,,g4f4,-7455.0,,40496,102
c4c3,0.0,0.0,1.0,,-11.0,c4c3,-7513.0,,d5e4,-6330.0,,d5c5,-6278.0,,40496,103
g3g2,1.0,0.0,0.0,,-10.0,g3g4,,-12.0,g3f4,,-12.0,g3f2,,-12.0,40496,104
d4d3,0.0,0.0,1.0,-7256.0,,c3c2,,-12.0,d5e4,,-14.0,d5c5,-7432.0,,40496,105
g2f2,1.0,0.0,0.0,-7273.0,,g2f3,-7198.0,,g2f2,-7405.0,,g2g3,,-8.0,40496,106
c3c2,0.0,0.0,1.0,-7413.0,,d3d2,-7423.0,,c3c2,-7413.0,,d5c4,-7411.0,,40496,107
f2e3,1.0,0.0,0.0,,-11.0,f2e3,-7208.0,,f2g3,,-6.0,f2f3,,-6.0,40496,108
c2c1q,0.0,0.0,1.0,,-8.0,a7a5,-7356.0,,c2c1q,-7348.0,,c2c1r,-6662.0,,40496,109
e3d3,1.0,0.0,0.0,,-8.0,e3d3,,-9.0,e3f3,,-4.0,e3f2,,-4.0,40496,110
c1b2,0.0,0.0,1.0,-7413.0,,b6b5,,-8.0,a7a5,,-9.0,d5e5,-7338.0,,40496,111
d3e3,1.0,0.0,0.0,,-10.0,d3e3,,-8.0,d3e3,,-8.0,d3e3,,-8.0,40496,112
a7a5,0.0,0.0,1.0,,-7.0,a7a5,,-8.0,b2c1,,-11.0,b6b5,,-12.0,40496,113
e3f3,1.0,0.0,0.0,,-7.0,e3f4,,-7.0,e3f3,,-7.0,e3d3,,-7.0,40496,114
a5a4,0.0,0.0,1.0,,-6.0,a5a4,,-7.0,b2d2,,-9.0,b6b5,-7423.0,,40496,115
f3g3,1.0,0.0,0.0,,-6.0,f3g4,,-6.0,f3f4,,-6.0,f3g3,,-6.0,40496,116
a4a3,0.0,0.0,1.0,,-4.0,a4a3,,-6.0,b6b5,,-7.0,b2d2,,-7.0,40496,117
g3g4,1.0,0.0,0.0,,-4.0,g3f4,,-4.0,g3g4,,-4.0,g3f3,,-4.0,40496,118
b2b4,0.0,0.0,1.0,,-5.0,a3a2,,-4.0,b6b5,,-5.0,b2g2,,-5.0,40496,119
g4g5,1.0,0.0,0.0,,-5.0,g4g5,,-5.0,g4h5,,-5.0,g4f5,,-5.0,40496,120
b4e4,0.0,0.0,1.0,,-4.0,a3a2,,-5.0,b4b2,,-5.0,b6b5,,-6.0,40496,121
